TIT,TAT,CDP,GTEP,AFDP,AT,AP,AH,TEY,NOX
1100.0,527.75,14.066,33.112,3.9917,12.276,1026.0,82.838,161.29,60.815
1099.9,526.54,14.169,33.46,4.0548,12.228,1025.9,84.673,162.13,60.618
1100.0,527.63,14.088,33.065,3.9884,11.078,1026.0,90.191,162.18,59.621
1100.0,525.13,14.231,33.88,4.0812,5.3704,1007.7,89.677,166.67,68.437
1100.1,527.52,14.091,33.176,4.0028,5.6515,1007.9,89.235,165.12,67.408
1100.0,527.34,14.108,33.2,3.9842,6.1113,1008.3,87.573,165.31,69.188
1099.8,526.66,14.155,33.317,3.99,6.4186,1008.7,84.351,165.84,68.748
1100.0,525.16,14.26,33.705,4.0336,6.3373,1008.7,86.538,166.99,66.148
1100.1,527.49,14.084,32.992,3.9444,5.6099,1009.0,90.514,165.92,67.169
1100.1,525.31,14.228,33.689,4.0122,5.1341,1009.8,88.66,167.55,67.035
1100.0,525.14,14.248,33.693,4.0179,4.9441,1010.4,86.596,167.74,66.422
1099.8,524.27,14.328,33.927,4.0578,4.883,1011.0,85.495,168.23,66.506
1100.0,524.95,14.222,33.711,4.0341,4.7918,1011.5,85.719,167.88,65.803
1099.9,523.24,14.359,34.194,4.0889,4.6439,1012.3,85.151,169.05,66.85
1100.0,525.03,14.246,33.657,4.0198,4.3341,1012.9,85.477,168.16,66.79
1100.0,523.52,14.336,34.081,4.0553,3.8985,1013.6,86.896,169.21,66.805
1099.9,520.59,14.549,34.728,4.1253,0.88243,1018.6,74.349,170.88,65.886
1100.0,520.62,14.537,34.738,4.1274,2.7833,1018.6,65.517,171.2,71.362
1100.0,522.41,14.424,34.235,4.0826,3.264,1018.3,59.816,170.0,75.037
1100.0,521.29,14.537,34.664,4.1384,3.4689,1018.4,60.945,170.57,75.953
1100.0,521.49,14.502,34.473,4.1144,3.3969,1018.9,60.554,170.59,64.422
1100.0,520.24,14.545,34.927,4.1612,3.0009,1019.2,63.303,171.59,63.674
1100.1,521.12,14.468,34.704,4.1318,2.5837,1019.5,69.285,171.36,62.218
1100.0,520.33,14.544,35.014,4.1358,2.5995,1019.7,71.028,171.72,67.228
1100.0,522.93,14.374,34.223,4.0827,2.766,1019.9,70.993,170.0,67.874
1099.9,519.83,14.629,35.047,4.1692,2.7801,1020.0,68.901,171.88,67.671
1099.9,521.71,14.466,34.34,4.082,2.4835,1020.1,67.658,170.53,67.354
1095.1,527.34,13.858,32.234,3.8324,1.3457,1020.9,79.516,162.44,74.869
1100.1,521.2,14.496,34.792,4.1156,1.8815,1020.9,76.636,171.12,66.982
1100.0,521.09,14.535,34.859,4.1542,2.9509,1020.8,68.913,170.43,67.691
1100.1,523.61,14.335,34.126,4.0945,3.9392,1020.4,61.592,168.44,69.574
1099.9,522.22,14.442,34.686,4.1544,4.752,1019.9,53.929,168.85,68.831
1100.0,523.98,14.341,34.145,4.0852,5.2463,1019.5,50.754,167.73,69.53
1099.9,523.36,14.388,34.382,4.1335,5.2847,1019.4,52.595,168.0,69.747
1100.1,522.84,14.381,34.54,4.1617,5.2853,1019.5,54.737,168.4,66.952
1099.9,521.43,14.496,34.96,4.2048,5.0382,1019.5,59.612,169.43,66.141
1100.0,522.4,14.471,34.667,4.1521,4.1512,1019.7,65.041,169.35,66.566
1099.9,521.85,14.471,34.854,4.1604,3.8601,1019.9,66.759,169.8,66.8
1099.9,523.44,14.403,34.312,4.084,3.9614,1020.1,67.321,169.23,65.936
1099.9,520.62,14.6,35.165,4.1557,3.1149,1020.2,71.61,171.57,64.151
1095.4,527.29,13.956,32.357,3.8327,2.2148,1020.3,78.027,163.69,69.385
1099.9,523.0,14.367,34.363,4.0604,0.28985,1019.5,83.574,170.5,66.867
1100.1,523.73,14.389,34.148,4.0885,0.83101,1019.1,87.27,169.43,68.388
1099.9,523.37,14.39,34.272,4.1468,2.8723,1018.7,85.891,168.06,67.002
1100.1,527.17,14.142,33.134,4.1326,5.6257,1018.1,76.777,164.48,71.283
1099.9,526.15,14.204,33.451,4.1587,6.9698,1017.2,64.966,164.9,70.008
1100.1,527.38,14.107,33.096,4.1163,7.3949,1016.5,58.245,164.29,69.959
1100.0,526.91,14.119,33.268,4.1364,7.6518,1016.1,56.189,164.23,71.883
1100.2,527.91,14.099,33.052,4.0799,8.0064,1016.0,56.633,163.57,72.307
1099.8,525.95,14.17,33.604,4.1344,7.8238,1015.6,59.256,165.0,73.531
1099.8,528.6,14.007,32.784,4.0507,7.9215,1015.0,61.264,163.21,72.968
1099.8,526.44,14.143,33.427,4.1363,7.7235,1014.8,67.64,164.61,72.248
1100.1,529.1,14.055,32.603,4.0503,8.1751,1014.5,70.794,162.57,71.849
1099.9,527.86,14.07,32.972,4.1256,8.8052,1014.4,73.945,162.99,70.22
1099.6,529.17,13.921,32.739,4.1615,11.491,1010.6,73.131,160.56,70.596
1100.1,529.87,13.908,32.491,4.1464,11.355,1010.6,79.346,161.22,70.274
1099.9,531.22,13.853,32.056,4.1288,10.578,1010.3,86.611,160.42,69.767
1100.0,530.34,13.827,32.414,4.183,12.346,1007.5,83.946,160.48,71.463
1100.1,530.82,13.884,32.337,3.992,11.108,1007.8,99.475,160.86,69.505
1099.9,528.72,13.984,32.876,4.0094,9.6779,1008.6,99.591,162.75,69.442
1100.0,529.05,13.987,32.69,3.9613,8.8837,1009.3,97.097,162.97,69.206
1098.5,524.31,14.206,33.847,4.0794,7.171,1021.7,85.437,164.13,68.818
1100.0,525.91,14.136,33.603,4.0586,7.6563,1021.5,84.903,164.47,67.506
1100.1,526.16,14.205,33.573,4.0746,8.0713,1021.4,83.671,164.22,68.378
1100.0,527.33,14.122,33.208,4.0457,8.2581,1021.5,83.087,163.13,68.491
1099.9,527.5,14.111,33.107,4.045,8.452,1021.9,82.825,162.78,69.431
1100.0,527.09,14.171,33.215,4.0649,8.7767,1022.3,82.746,162.95,68.789
1100.1,526.11,14.262,33.53,4.1033,8.7419,1023.1,84.087,163.59,64.911
1099.8,524.9,14.252,33.873,4.1251,8.2158,1022.9,85.567,164.94,62.691
1099.9,521.49,14.465,34.919,4.1969,5.7108,1024.5,92.48,168.54,63.219
1100.0,526.71,14.183,33.225,4.0566,6.309,1024.7,94.866,164.54,64.199
1100.0,526.2,14.224,33.374,4.1909,8.7875,1024.8,97.374,163.08,63.683
1100.1,527.08,14.135,33.15,4.132,10.173,1024.5,91.371,162.63,66.535
1099.9,527.36,14.122,33.079,4.1054,10.65,1024.1,87.472,162.3,70.357
1100.0,527.86,14.085,32.955,4.0728,10.884,1023.8,84.228,161.98,66.996
1099.8,528.87,13.984,32.721,4.0047,10.992,1023.9,84.068,161.14,67.397
1100.0,528.86,14.025,32.712,4.0073,11.109,1024.0,85.736,161.31,66.818
1099.9,528.25,14.04,32.879,4.0245,10.896,1023.9,85.87,161.88,66.41
1100.0,527.81,14.06,33.027,4.0233,10.523,1023.9,87.867,162.6,65.456
1099.9,526.7,14.111,33.47,4.0919,8.6044,1022.5,95.897,163.08,64.735
1100.1,528.7,13.998,32.826,4.048,9.2878,1022.5,96.26,161.69,64.451
1100.1,528.65,13.985,32.887,4.0621,10.469,1022.3,95.776,160.73,66.675
1099.8,529.02,13.955,32.776,4.0724,11.829,1021.6,90.156,160.18,69.405
1100.0,528.93,13.959,32.894,4.0443,12.408,1019.6,90.094,160.65,65.238
1100.0,530.14,13.844,32.508,3.9599,11.579,1006.5,97.478,160.6,68.531
1099.9,529.98,13.9,32.932,4.1241,10.593,998.98,94.914,161.73,71.922
1099.9,525.08,14.228,34.405,4.3431,16.797,1009.2,76.445,160.0,74.723
1100.1,529.84,13.945,32.713,4.0029,10.654,1010.7,87.071,161.53,86.299
1099.9,529.52,13.944,32.745,4.0002,9.322,1010.6,88.008,162.99,85.748
1100.0,530.02,13.898,32.668,4.09,7.8806,1002.2,100.16,162.53,70.169
1100.0,529.15,13.958,32.939,4.1091,8.3054,1002.0,100.17,162.77,70.782
1100.1,529.68,13.921,32.766,4.109,8.6814,1001.9,100.17,162.54,69.448
1099.9,531.07,13.837,32.356,4.0639,9.1305,1001.7,99.568,161.23,70.941
1099.9,532.4,13.765,31.994,4.0171,9.6095,1001.3,97.212,160.3,71.536
1100.0,531.56,13.809,32.276,4.0313,9.7247,1001.4,96.351,160.81,70.918
1099.9,532.63,13.765,31.885,3.979,9.7368,1001.4,95.328,160.18,72.289
1100.0,528.95,13.983,32.915,4.093,9.469,1001.7,96.199,162.88,72.243
1100.1,529.83,13.935,32.615,4.0295,8.7186,1001.9,97.147,162.83,71.835
1100.0,528.25,14.068,33.152,4.0321,7.8788,1001.9,95.092,164.23,72.445
1100.0,527.26,14.054,33.394,4.0488,7.2603,1002.3,93.848,165.15,70.521
1099.9,527.67,14.08,33.264,4.0254,6.7592,1002.5,92.996,165.16,69.428
1099.9,529.04,14.003,32.863,3.9241,6.4668,1002.5,92.675,164.23,70.159
1100.1,527.92,14.066,33.225,3.9742,6.2945,1002.6,91.819,165.1,67.589
1099.8,525.41,14.187,33.741,4.1275,4.5327,1007.5,91.746,167.26,70.174
1099.9,524.28,14.262,34.036,4.1458,4.6913,1008.6,90.009,168.27,68.976
1100.0,529.76,13.928,32.745,4.0686,8.4495,1010.9,90.467,161.9,70.219
1099.9,529.05,14.022,32.998,4.0926,8.9184,1011.4,88.094,162.36,71.867
1099.9,529.37,13.945,32.813,4.0472,9.1513,1012.1,88.235,162.32,70.902
1099.9,527.77,14.044,33.201,4.1077,8.83,1012.8,88.687,163.58,71.584
1100.0,524.35,14.308,33.815,4.1356,5.7177,1017.8,87.664,166.9,66.437
1100.0,526.76,14.115,33.156,4.0649,6.3616,1017.8,86.289,165.46,66.506
1100.0,525.91,14.213,33.574,4.1028,7.2408,1017.6,83.977,165.43,66.6
1100.1,527.36,14.095,33.232,4.0833,8.1213,1017.3,79.353,164.11,68.018
1099.8,527.18,14.155,33.317,4.0881,8.6667,1017.0,75.455,163.9,69.0
1100.1,528.66,14.074,32.872,4.0347,8.8522,1016.8,72.238,163.0,70.692
1099.9,526.12,14.198,33.629,4.113,8.8284,1016.7,73.689,164.67,69.193
1100.0,527.0,14.102,33.25,4.0697,8.191,1016.9,80.983,164.56,68.442
1099.1,523.27,14.364,34.467,4.2024,4.8519,1014.7,91.605,167.39,69.829
1100.0,524.54,14.318,34.146,4.1583,5.7979,1014.6,90.004,167.26,66.243
1099.9,524.62,14.305,34.105,4.189,7.2486,1013.9,83.057,166.61,67.757
1099.9,526.18,14.17,33.688,4.1403,7.1359,1013.4,85.448,165.63,68.132
1100.0,526.25,14.127,33.735,4.1369,7.682,1013.4,83.722,165.17,68.136
1099.8,527.76,14.074,33.263,4.0799,7.941,1013.4,83.467,164.26,68.694
1099.8,525.31,14.203,34.005,4.17,7.9603,1013.6,82.865,165.89,68.507
1100.0,524.46,14.272,34.253,4.1879,7.9416,1013.7,82.224,166.39,67.705
1099.8,526.37,14.148,33.59,4.1335,7.7862,1013.9,85.105,165.2,68.267
1099.7,525.32,14.224,33.905,4.1534,6.7281,1013.7,85.429,166.25,67.019
1099.9,525.87,14.199,33.907,4.168,4.8675,1009.7,92.998,166.37,70.499
1100.0,529.79,13.98,32.629,4.096,6.1617,1009.6,94.601,162.97,71.029
1099.9,529.82,13.939,32.655,4.1539,8.7125,1009.3,86.817,161.8,70.917
1100.1,530.36,13.948,32.538,4.1178,9.594,1008.8,81.592,161.47,72.003
1100.0,529.21,13.987,32.968,4.156,10.091,1008.3,78.673,162.0,72.569
1099.9,530.47,13.921,32.501,4.0931,9.6604,1008.1,83.363,161.62,72.533
1099.9,528.73,13.97,32.947,4.1707,8.8134,1008.1,94.154,162.97,71.047
1099.8,528.61,14.021,32.984,4.1948,8.4618,1007.9,99.538,163.17,70.01
1099.8,529.26,13.933,32.806,4.1744,8.4245,1008.1,100.17,162.71,69.588
1100.0,528.81,13.987,32.84,4.1597,8.273,1008.4,100.17,163.16,66.629
1100.0,529.43,13.967,32.644,4.1658,7.5944,1012.6,98.308,161.83,69.621
1099.8,528.47,14.038,32.919,4.2579,10.004,1012.2,94.581,161.77,69.455
1099.9,529.3,13.977,32.653,4.2369,10.936,1011.8,83.626,161.12,72.168
1099.9,529.93,13.912,32.514,4.2301,11.85,1011.1,78.123,160.13,74.87
1100.2,529.11,13.998,32.745,4.2678,12.883,1010.1,74.947,160.47,72.152
1100.0,529.53,13.924,32.689,4.2698,12.481,1009.7,78.965,160.53,73.059
1099.9,529.28,13.926,32.73,4.275,12.385,1009.5,81.364,160.37,73.501
1098.5,526.34,14.05,33.54,4.2248,7.6414,1007.6,94.301,162.35,75.062
1099.9,529.53,13.947,32.676,4.2012,10.748,1007.6,80.561,160.61,70.575
1099.8,530.38,13.918,32.424,4.1773,11.42,1007.6,81.84,160.19,72.962
1099.9,529.31,13.928,32.9,4.2182,13.311,1007.1,77.751,160.47,74.377
1100.0,530.37,13.871,32.58,4.1251,11.759,1006.9,92.09,160.08,74.341
1099.8,529.38,13.92,32.983,4.0962,11.139,1007.6,94.685,161.14,70.492
1100.1,529.06,14.004,32.906,4.0827,8.947,1007.3,98.211,162.78,66.434
1099.9,529.49,13.944,32.7,4.0648,8.5154,1007.4,99.636,162.49,68.504
1099.9,529.46,13.96,32.565,4.0289,8.3907,1007.8,99.083,162.79,68.783
1099.9,529.65,13.965,32.459,3.9998,7.9329,1008.6,99.361,162.96,68.895
1099.9,527.5,14.06,33.065,4.0796,7.5285,1009.3,99.642,164.44,66.696
1100.1,528.57,13.994,32.974,4.0678,7.4873,1010.1,99.331,163.77,66.055
1099.9,527.23,14.09,33.394,4.1118,7.7752,1011.3,97.158,164.35,65.599
1100.0,528.33,14.03,32.898,4.2301,10.44,1017.3,89.047,161.18,70.859
1100.0,529.54,13.956,32.621,4.1626,11.429,1017.1,83.393,160.31,72.154
1099.9,529.98,13.956,32.533,4.1299,11.951,1017.0,80.028,160.05,71.603
1099.8,528.5,14.001,33.037,4.1503,10.342,1015.5,92.02,161.03,63.761
1099.9,529.36,13.952,32.715,4.1081,10.929,1015.6,90.07,160.4,67.433
1099.7,531.63,13.784,32.008,3.9794,9.2584,1007.5,97.62,160.4,70.921
1099.9,531.0,13.856,32.139,3.9844,8.7934,1008.1,97.182,161.4,70.072
1099.9,529.08,13.979,32.726,4.0119,8.3366,1008.6,97.504,162.89,69.034
1100.2,530.06,13.982,32.383,3.9792,7.9534,1008.9,97.642,162.52,69.843
1100.0,527.84,14.042,33.092,4.0474,7.696,1009.4,97.56,164.08,58.665
1100.0,527.07,14.099,33.198,4.0758,7.6423,1010.8,95.181,164.58,65.652
1100.0,527.19,14.097,33.13,4.0811,7.429,1011.6,94.053,164.84,72.223
1099.9,527.55,14.036,32.992,4.0569,7.3397,1012.3,92.935,164.45,73.84
1099.9,525.91,14.165,33.631,4.1476,9.1305,1018.0,66.345,164.07,70.034
1100.1,528.53,14.028,32.901,4.0753,9.537,1017.7,61.397,162.34,71.241
1099.9,528.98,14.015,32.761,4.0858,9.2294,1017.3,66.11,161.94,72.341
1100.0,530.64,13.907,32.273,4.0209,9.1157,1017.2,67.697,161.02,68.673
1099.1,527.34,13.989,33.214,4.097,8.009,1017.8,86.171,162.92,73.31
1100.0,528.9,13.944,32.791,4.0521,7.995,1017.7,83.346,162.74,66.001
1100.0,527.37,14.096,33.266,4.1198,8.0362,1017.9,82.118,163.62,65.779
1099.9,527.01,14.12,33.337,4.1286,8.072,1017.7,81.899,164.05,64.065
1100.0,526.54,14.185,33.481,4.1478,8.2795,1017.3,82.588,164.13,57.905
1100.0,525.68,14.187,33.665,4.1518,7.3295,1017.6,87.923,165.16,68.951
1100.1,528.02,14.059,32.963,4.1004,7.9621,1017.5,84.776,163.26,67.39
1099.9,528.22,14.048,32.993,4.1286,8.4883,1017.6,81.407,162.61,68.99
1100.0,529.85,13.946,32.445,4.08,9.0143,1017.6,77.088,161.13,70.22
1100.0,527.82,14.063,33.095,4.1527,9.3847,1017.3,73.884,162.42,71.446
1099.9,529.57,13.972,32.56,4.0913,9.5381,1017.0,72.112,161.21,71.302
1100.0,528.02,14.071,33.049,4.1316,9.5674,1017.0,72.718,162.47,69.177
1100.0,527.04,14.14,33.252,4.159,9.7292,1017.0,70.982,163.25,67.25
1099.9,527.17,14.137,33.271,4.156,9.5216,1017.0,69.695,163.01,68.705
1099.8,528.51,14.027,32.891,4.1045,8.9198,1017.0,71.669,162.84,68.564
1100.0,529.02,14.019,32.707,4.0631,8.3512,1017.2,73.628,162.55,68.548
1099.9,525.95,14.216,33.631,4.1659,7.8068,1017.4,79.272,165.41,64.678
1099.9,525.29,14.243,33.826,4.156,7.1096,1017.4,84.127,166.1,66.324
1099.5,525.22,14.189,33.934,4.1876,5.7546,1015.4,92.199,166.06,69.637
1100.1,528.18,14.085,33.081,4.1392,7.0557,1015.0,91.392,163.71,70.091
1099.9,529.3,13.954,32.668,4.1225,8.1613,1014.5,89.041,162.03,72.725
1100.0,529.98,13.973,32.442,4.107,9.2791,1014.1,84.17,161.26,70.938
1099.9,529.18,13.954,32.679,4.131,9.8378,1013.4,83.356,161.5,69.139
1099.9,530.22,13.93,32.437,4.1075,10.024,1012.2,79.533,160.84,69.425
1100.0,528.88,13.985,32.918,4.1572,10.2,1011.4,70.03,161.44,71.949
1100.0,529.25,14.008,32.959,4.1423,10.992,1010.3,66.071,161.15,74.559
1099.9,531.59,13.86,32.131,4.043,10.48,1009.6,70.244,160.21,74.309
1099.9,527.93,14.033,33.326,4.1735,9.7253,1009.4,73.376,162.87,70.844
1100.0,527.61,14.05,33.354,4.1734,8.5949,1008.6,86.904,163.8,68.491
1099.9,527.64,14.052,33.002,4.1307,7.0772,1011.6,97.689,164.26,69.156
1100.1,528.08,14.08,32.835,4.1043,7.2738,1012.1,96.627,163.94,66.033
1099.8,529.03,14.032,32.644,4.0828,8.0305,1012.9,92.527,162.57,67.233
1099.9,531.28,13.815,32.112,4.0052,9.0668,1013.4,86.689,160.76,68.684
1100.0,529.25,13.982,32.795,4.0958,9.951,1013.9,79.058,161.6,69.359
1100.1,531.53,13.851,32.068,4.0839,10.594,1014.1,78.119,160.07,70.129
1100.0,528.85,14.025,32.861,4.2091,10.447,1014.5,80.557,161.96,68.031
1100.0,528.41,13.98,32.982,4.1963,10.466,1014.6,80.538,162.27,67.241
1099.9,527.5,14.045,33.283,4.2241,10.392,1014.8,80.461,162.78,67.177
1099.9,529.7,13.946,32.62,4.1219,10.183,1015.4,80.987,161.54,68.336
1099.9,526.99,14.115,33.391,4.2084,10.034,1016.0,81.718,163.2,68.686
1099.4,526.05,14.165,33.616,4.2129,7.1381,1016.5,94.084,164.31,66.461
1100.1,528.96,14.003,32.75,4.1479,8.4947,1016.4,97.31,162.07,65.508
1099.9,530.5,13.871,32.363,4.0704,11.128,1016.1,82.53,160.07,68.767
1099.9,528.72,14.028,32.964,4.1357,11.402,1015.8,82.277,161.33,69.572
1100.0,529.51,13.96,32.696,4.1082,11.415,1015.0,78.919,160.79,70.9
1099.9,527.67,14.081,33.345,4.1772,11.1,1014.3,81.079,162.18,70.017
1100.0,528.09,14.001,33.17,4.1685,11.05,1013.8,82.137,161.97,69.121
1099.9,528.13,14.041,33.228,4.169,10.725,1013.5,84.888,161.95,69.733
1099.9,529.25,13.994,32.905,4.139,10.502,1013.0,87.577,161.34,70.027
1100.0,526.65,14.105,33.677,4.1854,10.42,1013.2,88.561,163.54,66.203
1100.1,529.97,13.943,32.783,4.1718,9.2029,1005.8,100.13,161.69,67.893
1099.8,528.56,14.001,33.226,4.226,9.5313,1005.3,100.15,162.27,67.662
1099.9,529.25,13.956,33.168,4.2128,10.357,1004.4,100.14,161.44,69.845
1099.8,522.43,14.343,35.345,4.4811,10.934,1003.3,98.564,165.05,73.704
1099.9,529.65,13.955,33.083,4.208,11.4,1002.8,97.2,160.74,73.203
1100.0,530.0,13.887,33.017,4.1866,11.002,1002.8,99.671,161.11,68.194
1100.1,530.01,13.96,32.466,4.1381,10.708,1017.4,98.384,160.3,67.186
1099.9,529.98,13.93,32.547,4.1416,10.982,1017.1,97.498,160.11,67.533
1100.0,529.58,13.953,32.668,4.1522,11.624,1014.4,91.349,160.78,69.411
1100.0,527.8,14.116,33.099,4.1709,11.092,1016.5,95.527,162.06,68.24
1099.7,529.04,13.958,32.986,4.1799,11.047,1014.3,95.057,160.54,69.663
1099.9,529.77,13.913,32.572,4.1302,11.399,1014.3,93.47,160.32,70.221
1100.0,528.3,14.049,32.85,4.1477,11.256,1014.1,86.0,161.93,70.611
1100.0,529.52,13.983,32.457,4.0911,10.346,1014.1,87.789,161.71,68.599
1100.1,525.81,14.196,33.539,4.2129,9.4701,1014.3,90.656,164.56,66.615
1099.8,525.58,14.24,33.43,4.1548,7.6278,1019.3,88.495,164.94,68.255
1100.0,529.49,13.968,32.192,4.0007,7.965,1019.7,87.114,162.27,68.715
1099.8,526.34,14.175,33.136,4.1278,8.2552,1019.9,84.862,164.4,69.228
1099.9,526.09,14.204,33.22,4.1332,8.4203,1019.8,85.173,164.51,69.898
1100.0,527.2,14.124,32.875,4.0959,8.4765,1019.6,87.534,163.93,68.732
1099.9,524.97,14.29,33.556,4.1795,8.1561,1019.6,90.101,165.45,67.361
1099.9,525.79,14.239,33.336,4.1684,8.2428,1019.7,88.329,164.85,67.37
1099.9,526.35,14.155,33.164,4.1568,8.6816,1019.8,84.076,164.11,66.264
1100.0,526.11,14.164,33.211,4.1582,8.912,1020.2,80.266,164.32,64.096
1100.0,525.87,14.225,33.447,4.1876,8.8347,1020.6,79.611,164.29,64.457
1100.0,525.07,14.219,33.73,4.221,8.7881,1020.7,78.395,164.9,66.202
1100.0,525.32,14.212,33.872,4.2204,6.0529,1018.0,92.634,165.35,70.818
1100.0,526.01,14.196,33.733,4.2302,8.0503,1017.8,82.281,163.57,74.698
1100.0,528.45,14.044,32.911,4.1929,9.9415,1017.5,69.685,161.39,77.095
1099.9,527.91,14.088,33.08,4.2433,11.092,1016.9,61.415,161.69,76.472
1099.8,528.54,14.021,32.965,4.2049,10.901,1016.1,61.61,161.57,75.006
1100.0,530.46,13.951,32.42,4.1382,10.807,1015.4,61.212,160.32,72.71
1099.9,528.89,14.0,32.908,4.2049,10.861,1014.8,58.616,161.13,72.931
1100.0,528.36,14.018,33.118,4.2149,10.896,1014.2,61.392,161.44,71.936
1100.0,527.02,14.063,33.55,4.2178,10.762,1013.9,63.958,162.81,72.165
1099.8,530.29,13.903,32.552,4.077,9.9682,1013.8,68.818,161.37,72.739
1100.1,526.61,14.166,33.668,4.1747,9.0127,1013.8,74.455,164.27,71.179
1100.0,528.35,14.072,32.962,4.1755,8.9835,1015.2,83.538,161.69,78.867
1100.2,529.13,14.009,32.853,4.1682,12.214,1016.6,72.644,160.58,70.11
1100.0,527.78,14.023,33.166,4.2043,10.64,1017.5,75.264,162.1,66.055
1099.8,528.48,14.006,32.843,4.1406,9.7462,1018.7,80.197,161.7,66.36
1099.9,525.89,14.171,33.304,4.2186,9.0346,1028.2,68.563,163.23,69.824
1100.0,526.68,14.133,33.059,4.2135,9.3598,1028.7,63.718,162.67,70.376
1100.0,524.89,14.244,33.654,4.2859,9.8363,1029.0,61.486,163.51,68.458
1100.0,525.97,14.211,33.341,4.2562,10.184,1028.9,58.958,162.87,68.961
1100.0,526.44,14.202,33.187,4.2451,10.424,1028.5,57.188,162.28,68.626
1100.0,526.72,14.155,33.117,4.2302,10.504,1028.5,53.593,162.2,69.327
1099.9,524.74,14.272,33.75,4.2954,10.322,1028.6,51.724,163.46,70.067
1100.1,526.48,14.209,33.192,4.2332,10.001,1028.5,50.885,162.67,71.216
1100.1,524.36,14.29,33.762,4.2902,9.2424,1028.5,51.397,164.45,69.188
1100.1,526.65,14.171,32.966,4.1966,8.1606,1028.7,56.702,163.77,66.342
1100.0,524.72,14.268,33.502,4.2573,7.1915,1028.9,65.404,165.29,64.165
1100.0,523.44,14.33,34.196,4.3443,7.7521,1026.8,80.684,164.7,72.123
1100.0,523.33,14.321,34.147,4.336,8.8822,1026.3,74.927,164.62,71.473
1100.0,527.04,14.1,33.09,4.2126,9.5215,1025.4,72.58,162.52,70.38
1100.0,526.87,14.131,33.199,4.2204,9.8988,1024.6,70.076,162.46,70.995
1100.0,527.47,14.072,33.056,4.1987,10.37,1023.9,64.453,162.01,71.375
1100.0,528.59,14.02,32.732,4.1525,10.745,1023.2,61.236,161.19,69.325
1099.8,526.72,14.125,33.326,4.2215,11.003,1022.5,61.997,162.31,68.943
1100.0,527.41,14.079,33.162,4.1971,10.754,1021.8,60.587,162.17,69.794
1100.0,527.76,14.06,33.233,4.2044,9.1114,1016.8,87.674,162.32,70.846
1100.1,529.93,13.881,32.595,4.1425,10.4,1016.6,88.371,160.45,72.867
1099.9,528.94,13.992,32.873,4.219,11.467,1015.9,89.48,160.31,73.313
1100.0,524.34,14.303,34.165,4.376,7.7968,1020.2,87.527,164.19,69.439
1099.9,526.99,14.054,33.239,4.2967,8.8962,1019.4,81.846,162.36,73.253
1100.0,525.28,14.25,33.743,4.3684,10.119,1018.9,77.442,163.06,68.234
1100.1,526.81,14.12,33.343,4.3095,11.056,1018.3,70.087,162.02,69.745
1099.9,527.44,14.073,33.201,4.2923,11.493,1017.3,67.227,161.47,70.727
1100.0,529.43,13.982,32.64,4.2208,11.711,1016.2,64.985,160.37,70.99
1099.9,528.57,13.987,32.977,4.2505,11.517,1015.2,64.428,160.75,71.674
1100.0,529.57,13.943,32.762,4.2121,11.194,1013.8,66.33,160.54,75.33
1099.9,531.18,13.847,32.421,3.9921,9.1698,995.19,91.626,161.14,70.891
1100.0,529.39,13.962,32.721,4.2651,9.6022,1013.8,95.836,161.07,71.44
1099.9,526.85,14.101,33.649,4.3558,9.1144,1005.3,95.859,163.16,69.553
1100.1,528.72,13.994,32.989,4.2865,9.3979,1005.9,94.609,162.18,70.114
1100.0,528.07,14.073,33.265,4.3422,9.7508,1006.2,93.302,162.35,71.424
1099.9,528.18,14.088,33.228,4.3313,10.255,1006.4,91.191,162.06,70.818
1099.9,529.46,13.977,32.921,4.2979,10.342,1006.2,88.986,161.27,71.593
1100.1,531.24,13.845,32.416,4.2392,10.377,1006.0,88.785,160.17,71.514
1099.9,529.1,13.974,33.066,4.3156,10.237,1006.2,89.474,161.57,68.231
1099.9,531.14,13.906,32.397,4.2363,9.883,1006.7,93.102,160.47,73.26
1100.0,528.86,14.008,33.091,4.3301,9.2031,1006.8,97.077,162.06,73.561
1099.9,528.34,14.017,33.252,4.3676,8.8785,1007.4,99.777,162.71,71.158
1099.9,527.39,14.055,33.526,4.4137,8.7228,1008.1,100.16,162.93,68.745
1099.9,530.93,13.871,32.428,4.3017,8.8056,1008.4,100.17,160.72,68.682
1100.0,528.19,14.02,33.334,4.3903,9.1706,1008.7,100.16,162.16,66.927
1100.0,529.17,13.921,33.009,4.3518,9.6181,1009.1,100.16,161.39,67.748
1100.0,527.29,14.095,33.483,4.3803,10.143,1014.1,93.718,161.9,67.173
1099.9,529.95,13.919,32.646,4.2709,10.482,1014.5,89.992,160.28,71.385
1099.9,530.01,13.923,32.564,4.273,10.862,1014.8,87.565,160.02,72.596
1100.0,529.65,13.925,32.676,4.2713,11.382,1015.7,84.664,160.24,71.087
1100.0,528.71,13.984,32.947,4.3214,11.314,1015.9,85.523,160.75,70.409
1100.0,530.06,13.95,32.516,4.2624,11.134,1016.4,85.513,160.07,68.388
1099.8,528.56,14.01,32.912,4.3,10.836,1016.8,84.949,161.02,68.337
1099.9,530.08,13.988,32.431,4.2418,10.447,1017.2,86.293,160.32,68.073
1100.0,526.8,14.142,33.442,4.3495,10.197,1018.0,87.247,162.35,65.217
1100.0,527.43,14.117,33.233,4.3136,10.028,1018.6,87.912,162.16,65.515
1099.9,526.64,14.13,33.505,4.3477,9.9174,1019.0,88.85,162.62,65.235
1099.8,527.77,14.059,33.167,4.3034,9.8588,1019.0,89.098,161.99,65.734
1099.9,527.35,14.105,33.33,4.3085,9.7887,1019.2,89.052,162.43,65.067
1100.1,528.57,13.976,32.983,4.3376,11.341,1018.2,87.149,160.01,57.205
1099.9,521.33,14.389,35.253,4.6017,13.826,1016.8,79.435,162.87,62.855
1100.0,529.57,13.958,32.786,4.2741,11.2,1015.2,90.652,160.25,57.139
1099.9,528.86,14.011,33.052,4.3096,10.79,1014.9,92.807,160.82,60.946
1099.9,529.65,13.963,32.742,4.3148,11.148,1004.9,87.628,160.68,59.555
1100.1,531.03,13.84,32.353,4.2463,10.685,1005.7,85.766,160.27,64.66
1100.0,528.54,13.968,32.762,4.3294,12.721,1014.0,80.043,160.27,64.333
1100.0,528.62,14.02,32.689,4.3342,12.638,1014.1,79.649,160.31,62.76
1100.0,526.84,14.139,33.27,4.415,12.562,1014.4,77.516,161.24,62.891
1099.9,529.09,13.992,32.781,4.3402,15.998,1016.8,55.103,160.15,59.481
1100.3,521.83,14.474,35.598,4.4529,14.738,1025.1,64.607,160.97,84.884
1100.2,522.36,14.39,35.398,4.4416,15.938,1025.0,60.534,160.25,85.179
1100.0,527.38,14.112,33.716,4.1188,11.556,1026.3,85.614,160.84,68.371
1100.2,524.13,14.272,34.84,4.3597,12.236,1026.4,97.063,160.51,69.346
1099.9,534.68,13.908,33.047,4.1334,13.522,1021.8,89.549,160.24,81.792
1100.1,527.48,14.105,33.106,4.2688,8.3249,1029.5,67.872,161.42,68.673
1100.0,528.11,14.069,32.865,4.2551,8.8611,1029.4,65.901,160.68,71.303
1100.2,527.02,14.136,33.275,4.2859,8.895,1029.0,64.187,161.78,71.262
1099.7,526.58,14.139,33.384,4.3086,8.7973,1028.7,65.642,162.03,70.031
1100.0,528.77,14.039,32.735,4.2245,8.7526,1028.3,65.086,160.73,70.216
1100.1,526.48,14.142,33.455,4.2988,8.6809,1027.9,65.686,162.25,71.114
1099.9,526.94,14.108,33.321,4.2827,8.6076,1027.3,70.697,162.12,71.233
1099.8,527.78,14.039,33.087,4.2593,8.5591,1027.1,73.336,161.43,71.02
1100.0,527.6,14.118,33.19,4.2859,8.627,1027.1,69.871,161.64,71.729
1099.9,527.42,14.081,33.229,4.2717,8.5815,1027.0,68.973,161.74,70.261
1100.1,527.72,14.111,33.154,4.2662,8.565,1026.8,68.918,161.64,69.548
1100.0,528.19,14.035,33.01,4.2512,8.7053,1026.5,70.873,160.98,69.611
1099.9,528.11,14.077,33.021,4.2578,8.8479,1026.3,72.366,161.08,69.098
1100.0,526.71,14.164,33.767,4.3551,10.145,1018.5,72.918,162.02,80.759
1099.9,528.39,14.029,33.26,4.2966,10.017,1018.2,73.938,161.12,79.06
1099.9,527.65,14.122,33.574,4.3316,10.037,1018.3,75.194,161.5,79.582
1099.9,528.93,13.989,33.237,4.2351,7.9165,1016.0,87.524,161.33,72.017
1099.9,527.52,14.031,33.678,4.2977,10.937,1016.1,73.201,161.35,73.097
1100.1,529.57,13.948,32.924,4.2102,9.6942,1016.9,77.538,161.01,70.917
1099.9,526.79,14.141,33.968,4.285,6.9484,1017.5,86.823,163.91,68.978
1100.0,526.82,14.147,33.814,4.2736,5.8009,1017.1,89.009,164.7,68.252
1100.0,525.84,14.177,34.187,4.3345,5.1598,1016.5,91.901,165.51,68.483
1100.1,529.1,14.024,33.14,4.2465,4.7784,1015.6,92.469,163.76,68.441
1100.0,527.49,14.067,33.682,4.2928,4.335,1015.0,92.961,165.06,70.371
1100.0,527.53,14.09,33.705,4.3034,4.2414,1014.3,93.604,165.06,69.718
1099.9,527.31,14.129,33.744,4.2913,4.0967,1013.8,93.839,164.95,69.952
1099.9,526.24,14.15,34.136,4.3364,3.9554,1013.3,93.772,166.19,71.547
1100.0,528.19,14.01,33.524,4.2774,4.3332,1012.9,94.398,164.17,71.632
1100.0,530.38,13.944,32.939,4.2361,5.5542,1012.5,96.688,161.74,71.156
1100.2,530.73,13.839,32.796,4.1674,8.4846,1012.0,75.993,160.2,75.461
1100.0,529.94,13.956,32.909,4.1823,8.9966,1012.6,62.636,160.12,77.501
1099.9,530.28,13.915,32.747,4.1669,8.9056,1013.3,68.618,160.4,74.94
1100.1,530.25,13.894,32.79,4.1624,8.5008,1013.5,66.905,160.38,75.848
1099.9,530.75,13.917,32.69,4.2069,8.6738,1013.2,69.789,160.15,75.015
1099.9,530.31,13.919,32.84,4.2271,9.0065,1013.7,66.558,160.03,76.995
1100.0,528.85,13.977,33.045,4.1863,7.9046,1015.0,60.683,161.65,77.936
1099.9,529.54,13.946,32.765,4.1574,7.0373,1015.6,63.824,161.85,76.741
1100.0,528.11,14.108,33.151,4.1312,6.3019,1017.3,72.254,163.09,73.398
1100.1,529.96,13.917,32.518,4.0934,5.7615,1017.9,70.764,161.98,72.343
1100.0,527.73,14.109,33.171,4.177,5.1764,1018.3,72.911,163.72,71.507
1099.9,527.15,14.11,33.342,4.24,4.3697,1019.0,78.858,164.7,71.794
1100.1,527.02,14.135,33.396,4.2019,4.3017,1019.7,74.691,164.68,71.31
1099.9,527.0,14.121,33.333,4.2041,4.3087,1020.1,76.669,164.63,70.167
1100.0,526.39,14.172,33.579,4.2447,4.4368,1020.2,72.464,164.83,71.156
1100.0,524.96,14.307,33.982,4.2411,4.3594,1020.5,71.866,165.94,71.143
1100.1,526.0,14.247,33.572,4.2105,3.81,1020.8,72.694,165.64,71.504
1099.8,525.02,14.306,33.968,4.3179,3.2952,1021.2,74.808,166.51,70.945
1100.0,526.24,14.134,33.459,4.1699,3.4645,1021.6,70.154,165.5,70.087
1099.9,525.75,14.207,33.606,4.2154,3.7498,1022.0,66.008,165.39,70.614
1100.0,527.27,14.022,33.161,4.2083,4.5211,1022.6,57.025,163.84,71.666
1100.1,528.42,14.007,32.911,4.1893,5.1378,1023.2,54.721,162.6,72.232
1100.0,527.76,14.046,33.161,4.24,5.7619,1023.9,58.757,162.92,72.704
1100.0,526.27,14.16,33.615,4.2924,6.6494,1024.1,55.363,163.2,71.448
1100.0,528.97,13.97,32.792,4.1805,7.6921,1023.6,50.798,160.89,71.922
1099.9,528.06,14.083,33.099,4.2243,8.3862,1023.2,48.406,161.06,72.061
1100.0,529.05,14.023,32.828,4.2012,9.0783,1023.0,47.165,160.16,72.383
1099.9,528.97,13.995,33.048,4.2441,9.3978,1023.3,50.718,160.34,73.298
1099.9,528.26,14.03,33.341,4.2964,9.2876,1023.5,49.591,160.72,73.558
1100.0,528.92,13.996,33.153,4.2673,9.3249,1023.6,51.015,160.6,71.97
1099.8,528.07,14.035,33.409,4.2724,9.2452,1024.0,56.639,161.22,70.346
1100.0,528.02,14.043,33.391,4.3015,9.5345,1024.2,56.25,160.93,72.287
1100.0,527.87,14.091,33.459,4.2902,9.4404,1024.5,58.935,161.34,71.49
1100.1,527.55,14.087,33.507,4.2881,8.7502,1024.8,62.119,162.0,71.295
1100.0,526.31,14.214,33.847,4.3226,8.5415,1025.2,66.123,162.81,69.551
1099.9,528.86,14.041,32.918,4.2172,7.9492,1025.9,70.551,161.39,69.2
1100.0,528.92,14.045,32.88,4.2206,7.6745,1026.4,71.155,161.2,69.571
1100.0,527.78,14.077,33.206,4.2284,7.3631,1026.7,72.522,162.27,68.963
1099.9,526.6,14.177,33.528,4.2838,6.9776,1027.1,73.581,163.37,68.304
1099.9,525.2,14.264,34.023,4.3264,6.7613,1026.9,73.494,164.39,68.594
1100.1,526.86,14.181,33.558,4.2636,6.1979,1026.4,76.3,163.93,67.504
1100.0,525.06,14.237,34.156,4.3238,5.889,1026.2,77.614,165.03,68.218
1099.8,525.53,14.221,33.975,4.2853,5.2872,1026.2,81.732,165.4,67.387
1100.0,522.23,14.411,35.059,4.4178,4.8434,1026.2,83.9,167.29,68.031
1099.9,524.73,14.286,34.242,4.3494,4.5643,1026.1,86.893,165.98,67.36
1099.9,525.7,14.213,33.953,4.3452,5.6014,1025.8,86.967,164.06,68.276
1100.1,528.74,13.999,33.145,4.314,7.9353,1025.3,86.762,160.27,70.879
1099.9,525.98,14.134,33.845,4.517,11.545,1019.4,73.715,160.99,74.476
1099.9,527.98,14.057,33.28,4.2876,10.135,1018.1,84.767,161.42,69.267
1100.1,529.72,13.94,32.735,4.2305,8.7243,1019.2,87.101,161.01,69.047
1100.1,529.03,14.052,32.909,4.2486,8.0888,1019.9,86.976,161.52,68.588
1100.2,518.96,14.671,36.174,4.6355,7.669,1020.3,87.107,167.68,72.272
1100.0,518.32,14.722,36.293,4.6514,7.1539,1021.1,89.08,168.12,70.776
1100.0,521.6,14.758,36.345,4.6531,6.9964,1021.7,87.326,170.01,78.058
1100.5,523.17,14.791,36.341,4.6292,7.1267,1022.4,85.064,170.48,80.6
1099.6,522.05,14.824,36.399,4.6069,7.2022,1023.6,80.694,170.56,79.918
1099.6,521.08,14.867,36.657,4.644,6.3239,1024.7,88.633,172.04,79.344
1099.8,521.11,14.849,36.803,4.6708,5.6777,1025.3,92.704,172.54,80.54
1100.0,521.1,14.811,36.95,4.6417,5.4158,1026.1,82.718,172.96,80.553
1100.0,529.98,14.29,34.045,4.2825,4.8631,1027.0,81.084,168.38,78.397
1100.1,530.47,14.344,33.904,4.2481,4.5173,1027.4,80.813,168.07,78.251
1099.9,529.56,14.395,34.165,4.2817,4.2717,1027.9,80.38,168.55,77.269
1100.1,530.61,14.343,33.802,4.2313,4.0853,1028.6,78.907,167.98,77.985
1100.0,530.97,14.291,33.768,4.2049,4.2148,1029.4,70.679,167.3,78.95
1100.1,535.58,13.942,33.712,4.4466,10.94,1020.0,91.723,161.58,84.116
1099.8,536.04,13.922,33.499,4.4095,11.526,1019.5,88.286,160.87,85.465
1100.0,536.86,13.789,33.254,4.3913,12.165,1018.7,85.665,160.2,86.538
1100.1,536.47,13.872,33.41,4.3953,12.286,1018.4,85.534,160.37,84.028
1099.8,535.23,13.94,33.743,4.4322,11.966,1018.5,87.12,161.45,82.34
1099.9,535.07,13.948,33.818,4.4138,11.54,1018.6,88.886,161.9,84.579
1099.9,534.86,13.927,33.888,4.3952,11.139,1018.6,88.227,162.35,83.422
1099.8,535.38,13.997,33.676,4.3835,10.2,1018.8,90.143,162.49,83.735
1099.9,534.5,14.029,34.006,4.4579,11.828,1020.7,93.322,161.54,82.644
1099.8,536.08,13.839,33.51,4.4194,12.567,1020.4,89.521,160.45,84.233
1099.9,535.18,13.927,33.787,4.4428,13.219,1019.9,86.613,160.86,84.863
1100.0,535.57,13.959,33.656,4.4083,13.71,1019.5,81.626,160.37,83.397
1100.1,534.35,14.04,33.777,4.5344,9.9697,1024.2,97.699,162.52,80.963
1100.0,536.35,13.915,33.113,4.4403,10.163,1024.0,97.393,161.18,81.307
1100.0,534.51,14.066,33.722,4.5209,10.383,1023.3,96.533,162.37,81.203
1100.0,535.19,13.909,33.541,4.4885,10.657,1022.5,96.025,162.07,82.022
1099.9,534.41,14.033,33.791,4.5209,10.752,1021.9,95.489,162.32,82.832
1100.0,533.97,14.089,33.946,4.5333,11.024,1021.6,93.955,162.58,84.24
1100.0,533.81,14.068,33.963,4.5181,11.32,1021.6,92.675,162.43,85.383
1100.0,533.59,14.052,34.001,4.5105,11.461,1021.6,91.609,162.67,86.167
1099.9,533.4,14.076,34.024,4.5189,10.853,1021.4,93.182,163.05,85.52
1100.0,534.58,13.956,33.637,4.4726,10.531,1021.4,95.975,162.55,81.88
1100.0,534.47,14.045,33.75,4.4966,10.572,1021.4,96.696,162.4,81.534
1099.9,532.95,14.121,33.686,4.433,3.8654,1026.3,86.77,166.77,73.316
1099.9,532.16,14.201,33.917,4.4797,4.4989,1026.6,85.618,166.83,72.554
1100.0,531.45,14.208,34.167,4.5096,4.7193,1026.6,82.714,167.54,74.755
1099.8,531.38,14.261,34.147,4.5085,4.8493,1027.0,82.06,167.25,75.527
1099.9,533.07,14.137,33.578,4.431,4.5043,1027.4,84.368,166.42,75.072
1099.9,530.25,14.351,34.458,4.5212,4.0818,1028.2,86.767,168.5,74.096
1100.0,531.4,14.28,33.929,4.4619,3.4836,1028.4,86.579,168.17,75.794
1100.0,530.56,14.254,34.232,4.4973,3.2101,1028.6,88.874,168.63,71.924
1100.0,533.07,14.056,33.41,4.4893,5.7811,1030.5,92.366,165.02,74.108
1100.0,530.38,14.282,34.266,4.6014,5.6293,1030.7,93.483,166.75,74.656
1100.0,529.8,14.362,34.479,4.6085,5.6979,1031.2,94.119,167.22,68.957
1099.8,535.05,13.933,32.975,4.4218,8.0792,1026.6,83.434,162.41,77.494
1100.1,530.7,14.274,34.376,4.6262,8.2973,1026.3,82.611,165.62,80.255
1100.1,532.26,14.215,33.871,4.5687,8.4958,1025.9,82.039,164.66,78.941
1100.0,531.91,14.221,33.996,4.597,8.6994,1025.5,82.942,164.66,76.506
1100.0,531.85,14.214,34.028,4.5957,8.8188,1025.2,83.917,164.85,77.889
1099.9,535.06,13.93,33.24,4.468,9.8009,1019.0,79.853,162.24,76.832
1100.0,534.68,14.032,33.315,4.4891,9.7755,1019.7,82.661,162.31,77.177
1099.9,535.57,13.978,33.043,4.4425,9.8854,1020.2,82.349,161.97,77.545
1099.8,534.36,14.001,33.4,4.4917,9.9113,1020.1,82.647,162.49,77.334
1099.8,536.35,13.904,32.782,4.4144,9.9578,1020.0,82.256,161.25,78.171
1100.0,535.54,13.917,33.102,4.437,10.009,1020.7,77.918,161.73,76.886
1099.9,534.15,13.998,33.531,4.4929,10.101,1020.8,78.125,162.59,76.703
1099.9,536.24,13.919,32.86,4.4056,10.322,1020.9,76.621,161.16,77.216
1100.0,535.01,13.998,33.223,4.4558,10.427,1020.8,76.633,161.87,79.859
1099.7,536.89,13.889,32.607,4.3704,10.435,1020.7,76.944,160.68,79.575
1099.9,534.59,13.974,33.359,4.4691,10.384,1020.7,78.035,162.22,79.814
1099.8,536.03,13.883,32.878,4.3978,10.178,1020.8,81.783,161.55,79.28
1100.0,534.46,14.046,33.358,4.47,9.4378,1020.9,89.614,163.03,79.278
1099.9,535.6,13.955,32.949,4.4271,9.1776,1021.0,89.611,162.35,78.941
1100.1,533.28,14.078,33.664,4.4942,9.1022,1021.2,88.431,163.96,78.256
1100.1,534.43,14.046,33.378,4.4734,9.0757,1021.3,88.818,163.22,76.189
1099.8,534.17,14.051,33.551,4.4602,8.9693,1021.5,81.09,163.29,77.78
1100.2,534.98,13.995,33.281,4.4377,8.8758,1021.7,80.497,162.8,77.496
1099.6,532.56,14.11,34.021,4.5319,8.9981,1023.9,73.862,163.88,76.131
1099.9,535.32,13.976,33.036,4.4556,9.3631,1024.0,74.018,162.07,77.808
1100.0,535.4,13.944,32.988,4.4186,9.1876,1023.9,76.967,162.08,80.065
1099.9,535.67,13.963,32.914,4.4302,9.4096,1023.6,73.806,161.88,80.151
1099.8,534.83,13.999,33.172,4.4507,9.705,1023.5,72.838,162.22,77.027
1100.0,534.38,14.055,33.285,4.4529,9.5038,1023.6,77.245,162.82,77.515
1100.1,532.98,14.146,33.716,4.4959,9.3123,1023.7,77.46,163.78,77.993
1100.1,533.84,14.053,33.394,4.4552,8.8235,1023.6,80.325,163.71,77.866
1100.1,532.47,14.119,33.814,4.4985,8.1766,1023.6,85.585,164.89,78.023
1100.1,531.82,14.244,34.03,4.5206,7.8482,1023.9,87.325,165.56,81.534
1100.1,528.79,14.288,35.167,6.7386,10.553,1016.8,100.07,164.11,83.19
1100.1,530.87,14.164,34.48,6.6262,11.334,1016.5,100.07,162.52,81.585
1099.9,532.19,14.146,33.928,6.5414,12.233,1015.9,100.06,161.72,79.061
1099.9,534.71,14.035,33.544,4.6022,7.869,1015.5,96.255,163.72,79.489
1099.9,533.49,14.033,33.89,4.6447,7.5673,1015.8,95.343,164.54,79.833
1100.0,535.52,13.955,33.264,4.5593,7.453,1016.2,95.609,163.42,79.182
1100.0,535.74,13.969,33.202,4.5628,7.4444,1016.4,96.185,162.99,77.25
1100.0,536.13,13.945,32.977,4.5576,7.4471,1016.7,96.045,163.02,77.118
1100.0,534.14,14.043,33.577,4.6103,7.3091,1016.7,95.772,164.2,77.32
1099.0,536.23,13.881,32.794,4.4682,7.2154,1016.5,94.978,162.06,78.403
1100.0,534.77,14.03,33.408,4.5796,7.9697,1017.8,91.757,162.37,78.544
1099.9,535.12,13.964,33.277,4.5783,7.9792,1018.2,92.215,162.41,77.405
1099.9,534.74,13.94,33.408,4.596,7.9798,1018.3,92.493,162.66,78.047
1099.9,536.67,13.886,32.771,4.5094,8.1438,1018.0,91.476,161.4,79.599
1100.0,535.18,13.951,33.251,4.5762,8.193,1018.3,89.915,162.2,79.086
1099.9,533.93,14.05,33.609,4.618,8.0304,1018.7,88.689,163.22,80.295
1100.0,536.26,13.942,32.937,4.5254,7.936,1019.1,87.351,161.72,79.374
1100.0,533.83,14.074,33.694,4.6305,7.7928,1019.5,85.971,163.26,79.041
1100.0,533.22,14.111,33.949,4.6475,7.603,1020.2,85.624,163.55,78.294
1099.9,533.95,14.014,33.734,4.568,7.2913,1022.6,84.848,163.65,76.517
1100.1,533.85,14.058,33.801,4.5686,8.0307,1022.5,82.752,163.3,77.462
1100.0,535.37,13.96,33.435,4.5272,8.9799,1022.3,79.223,162.54,78.496
1100.0,534.9,14.016,33.63,4.564,9.8227,1021.9,76.091,162.53,79.998
1100.0,534.77,13.995,33.605,4.5674,10.386,1021.6,75.219,162.23,80.693
1100.0,535.89,13.906,33.248,4.5239,10.633,1021.4,74.807,161.53,80.337
1099.9,533.97,14.016,33.87,4.6273,10.839,1021.2,74.631,162.41,80.354
1100.0,536.13,13.904,33.207,4.5312,10.925,1021.2,72.511,161.19,80.615
1100.1,534.6,13.992,33.659,4.56,10.776,1021.3,74.586,162.21,80.142
1099.8,535.38,13.915,33.409,4.5227,10.35,1021.5,77.161,161.93,79.316
1099.8,533.31,14.108,34.069,4.6125,9.6425,1021.7,80.017,163.51,77.67
1100.0,533.59,14.13,33.945,4.5968,8.7786,1021.7,82.805,163.81,76.921
1099.9,535.02,13.924,33.575,4.6398,11.792,1021.5,81.058,161.21,80.076
1099.9,536.19,13.937,33.26,4.5704,11.844,1021.1,79.067,160.6,79.483
1100.0,535.81,13.953,33.411,4.5898,12.09,1020.8,76.583,160.38,80.887
1099.9,535.85,13.892,33.39,4.5558,12.206,1020.6,77.38,160.59,80.854
1099.9,536.43,13.913,33.145,4.5089,11.673,1020.4,79.089,160.55,80.298
1099.9,535.61,13.9,33.43,4.5168,10.924,1020.5,80.992,161.56,78.563
1100.0,533.41,14.137,34.1,4.6092,9.0428,1020.6,84.147,164.71,77.823
1100.0,535.72,13.947,33.333,4.6987,10.018,1011.7,98.596,161.91,77.531
1100.1,536.66,13.919,32.968,4.6474,9.6247,1011.7,97.657,161.65,78.83
1099.7,536.18,13.898,33.101,4.6404,9.1354,1011.7,97.584,162.16,75.712
1099.9,535.56,13.925,33.293,4.6781,8.8671,1011.9,98.851,162.88,74.68
1099.9,536.56,13.874,33.0,4.7016,8.8121,1012.1,100.06,161.99,74.348
1100.1,538.6,13.714,32.33,4.635,8.7726,1012.3,100.09,160.68,73.773
1097.8,535.75,13.805,32.795,4.5543,8.8549,1015.1,91.682,160.51,76.466
1099.9,533.57,14.134,33.761,4.6782,8.5901,1015.4,92.111,164.01,78.328
1100.0,534.77,14.027,33.463,4.6217,8.7362,1015.7,89.203,162.97,78.669
1099.9,534.16,13.95,33.551,4.6171,8.9551,1015.9,86.389,163.43,79.371
1099.9,535.56,13.898,33.181,4.5589,9.2324,1016.3,81.109,162.42,80.602
1100.0,533.35,14.049,34.045,4.6397,9.33,1016.7,77.527,163.7,80.11
1099.9,533.4,14.047,34.114,4.6336,9.4181,1017.1,78.152,163.91,79.207
1099.9,533.63,14.06,33.936,4.6171,9.2936,1017.5,79.341,163.66,79.336
1100.0,526.83,14.458,36.216,4.9672,10.59,1018.6,78.822,165.33,83.018
1099.9,534.83,13.986,33.441,4.6495,13.201,1020.3,54.087,160.07,81.748
1100.0,535.92,13.883,32.982,4.5771,11.981,1021.1,60.436,160.38,79.245
1100.0,533.44,14.075,33.742,4.6601,11.119,1021.5,65.083,162.33,77.833
1099.7,519.55,14.613,35.94,5.3805,7.6212,1013.6,97.843,166.84,68.896
1099.7,519.35,14.617,36.203,5.3817,7.4143,1013.8,98.343,167.64,67.097
1100.0,520.36,14.537,36.211,5.3608,7.6652,1014.3,99.256,167.61,70.973
1100.2,521.76,14.451,35.827,5.2561,9.2334,1014.7,100.08,165.4,73.732
1100.1,523.54,14.371,35.247,5.1431,12.059,1015.1,98.611,162.27,75.378
1100.1,524.35,14.322,34.919,5.0531,14.653,1015.6,85.19,160.51,75.519
1100.2,527.26,14.346,35.406,5.1502,9.9031,1010.1,99.557,165.47,65.014
1100.0,531.16,14.057,34.221,5.0188,13.272,1010.1,99.891,161.16,64.52
1100.1,529.27,14.269,34.131,3.9238,15.444,1015.8,82.574,160.12,53.258
1099.9,528.81,14.284,34.121,3.9147,15.214,1015.9,83.654,160.36,50.042
1100.3,528.68,14.229,34.041,3.9671,14.994,1017.1,84.419,161.11,45.269
1099.9,528.86,14.169,33.915,3.9363,14.924,1017.0,83.269,161.36,46.884
1100.1,527.83,14.194,34.155,3.9523,14.569,1016.9,83.657,162.1,45.795
1099.5,530.7,14.062,33.758,3.8697,13.981,1010.7,80.455,160.65,59.055
1100.0,527.17,14.353,34.521,4.0357,13.178,1015.1,70.996,163.9,57.466
1099.9,526.49,14.321,34.439,3.9961,12.891,1015.0,66.687,164.01,58.212
1099.8,532.42,14.054,33.045,3.8301,9.2571,1020.5,71.658,161.91,56.791
1100.0,532.4,14.035,33.072,3.8042,8.7872,1019.9,72.415,162.36,57.053
1099.9,531.95,14.04,33.197,3.8078,8.0334,1019.7,75.074,163.09,55.957
1099.9,532.09,14.054,33.042,3.8252,7.5792,1019.5,77.618,163.23,54.933
1099.8,532.79,14.063,32.955,3.8062,5.0702,1029.4,79.264,163.56,55.737
1099.9,531.46,14.13,33.244,3.8313,5.2882,1028.8,78.504,164.4,56.115
1099.9,531.48,14.091,33.301,3.8241,5.3891,1029.2,77.179,164.38,57.607
1100.1,532.3,14.121,33.002,3.8072,5.9117,1029.4,75.442,163.79,57.467
1100.1,531.05,14.161,33.445,3.8321,6.3587,1029.7,71.044,164.28,57.256
1099.9,532.09,14.1,33.096,3.8218,6.6704,1029.8,70.28,163.6,57.724
1099.9,531.85,14.147,33.143,3.8458,7.1457,1029.5,69.261,163.43,57.446
1100.1,532.65,14.029,32.331,3.7544,7.0438,1002.1,67.981,163.17,60.576
1099.9,532.15,14.097,32.856,3.8294,6.6173,1020.2,70.933,163.5,56.88
1100.1,532.05,14.053,33.049,3.849,6.2997,1020.5,72.7,163.96,56.291
1100.1,531.37,14.164,33.232,3.8624,5.9929,1020.7,74.066,164.39,55.833
1099.9,530.74,14.167,33.465,3.8756,5.852,1021.0,74.689,164.96,55.667
1100.1,532.9,14.058,32.702,3.7868,5.5963,1021.0,75.425,163.54,57.6
1100.1,531.36,14.17,33.191,3.8406,5.323,1021.0,76.295,164.83,57.788
1100.0,529.74,14.257,33.733,3.9042,5.2203,1021.2,76.256,165.73,57.185
1099.9,530.56,14.209,33.631,3.8973,5.3826,1021.4,76.121,165.06,57.642
1099.9,532.48,14.049,32.99,3.8403,5.7016,1021.6,76.57,163.54,57.53
1100.1,531.11,14.164,33.424,3.8686,5.1594,1021.3,77.329,164.94,57.027
1099.9,533.27,14.04,32.801,3.83,4.7641,1021.3,78.548,163.09,57.432
1099.9,531.81,14.093,33.514,3.9088,6.2961,1021.7,76.278,163.09,57.392
1100.2,532.21,14.017,33.915,3.9151,7.1719,1021.6,71.623,162.8,57.273
1100.0,532.1,14.113,34.229,3.9089,7.9511,1021.3,69.847,162.75,57.851
1100.1,532.23,14.078,34.293,3.9111,8.359,1021.0,68.493,162.67,58.47
1100.0,532.8,14.013,33.454,3.8635,8.1023,1021.1,69.083,162.42,57.627
1100.0,530.09,14.24,33.751,3.9016,6.4003,1021.4,76.084,165.38,56.716
1099.7,531.09,14.148,33.372,3.8943,6.0092,1021.4,77.327,164.41,57.591
1099.7,534.11,13.861,32.599,3.8264,10.063,1016.5,77.418,161.01,59.47
1099.5,531.69,14.095,32.995,3.8958,7.5885,1023.4,61.348,163.13,56.392
1099.9,533.31,14.001,32.477,3.7414,7.0111,1023.9,61.883,162.33,55.724
1098.7,529.61,14.209,33.384,3.9492,4.2266,1026.3,68.919,165.08,56.001
1099.9,529.35,14.249,33.626,3.9789,4.4504,1026.8,70.981,166.11,54.136
1100.0,529.97,14.193,33.877,3.9665,5.5262,1027.1,69.776,164.92,55.146
1100.1,531.91,14.073,34.553,3.9125,6.9842,1027.2,61.401,163.02,56.398
1100.0,531.82,14.123,35.466,3.9283,7.9282,1027.0,58.327,162.57,57.901
1100.1,532.84,14.026,35.889,3.9332,8.7688,1026.3,52.257,161.62,58.069
1099.9,533.19,14.051,35.52,3.9732,9.416,1025.2,49.253,161.04,58.099
1099.9,533.18,14.059,36.126,3.9284,9.8011,1024.6,50.009,161.47,57.817
1099.9,532.08,14.14,35.98,3.9809,9.7002,1024.2,51.89,162.25,58.506
1100.0,532.92,14.02,34.632,3.9325,9.1542,1023.7,52.608,162.25,44.877
1099.9,531.89,14.032,34.154,3.9751,8.456,1023.6,54.822,163.14,58.085
1099.9,533.31,14.023,33.868,3.9469,8.4964,1023.3,57.937,162.0,58.732
1099.9,531.27,14.147,34.413,3.9951,8.5645,1023.0,56.835,163.38,39.858
1100.1,533.04,14.031,33.984,3.9498,8.4967,1022.6,51.911,162.3,60.046
1099.8,532.49,14.068,34.642,3.9906,8.7963,1022.1,56.701,162.16,58.73
1099.9,533.7,14.024,34.43,3.9368,8.8514,1021.8,60.131,161.5,58.31
1099.9,532.97,14.027,34.857,4.0222,9.1293,1021.4,62.247,161.71,58.27
1099.8,535.15,13.872,34.683,3.9696,9.4958,1020.7,64.035,160.21,60.572
1100.1,534.3,13.94,32.566,4.0555,11.066,1019.0,71.339,160.29,58.239
1099.4,530.79,14.092,33.507,3.9695,5.0323,1020.6,83.17,164.91,58.573
1100.0,531.0,14.127,33.487,3.9721,4.6882,1020.9,84.733,165.25,57.357
1100.1,533.82,13.937,32.643,3.9072,5.0523,1021.4,86.773,162.82,57.473
1100.2,533.03,14.037,32.909,3.9524,7.8038,1021.3,82.72,162.81,59.215
1100.0,533.16,14.029,32.814,3.9528,7.0383,1021.1,84.21,163.04,56.86
1098.1,532.07,13.948,33.086,3.9601,5.5861,1019.4,86.963,162.81,58.156
1099.8,534.77,13.842,33.551,3.9145,6.7826,1019.4,90.783,161.11,56.697
1100.1,536.87,13.822,31.924,3.85,8.9039,1005.1,82.053,160.05,59.783
1100.0,535.04,13.877,32.561,3.8753,8.8989,1005.6,77.667,161.48,58.707
1100.1,535.54,13.869,32.429,3.8318,8.6013,1005.7,74.36,161.52,61.654
1099.9,534.5,13.874,32.611,3.8498,8.2003,1005.1,74.742,162.29,61.514
1100.0,535.96,13.872,32.075,3.7802,7.8759,1005.1,74.448,161.59,64.144
1099.9,534.79,13.912,32.437,3.835,7.7808,1005.7,72.456,162.37,64.782
1100.1,535.35,13.898,32.201,3.8054,7.5465,1006.0,69.992,162.12,62.13
1100.2,533.92,13.98,32.697,3.894,7.0211,1006.5,72.436,163.26,61.89
1100.1,534.64,13.936,32.427,3.8434,6.7234,1007.2,72.923,162.89,63.689
1099.9,534.81,13.881,32.394,3.8183,6.3485,1007.9,72.827,162.72,62.138
1099.9,535.98,13.884,32.072,3.8242,6.4077,1008.8,71.715,161.99,62.616
1100.0,534.14,13.947,32.55,3.8749,6.3895,1009.7,70.238,163.25,63.737
1099.9,533.48,14.049,32.56,3.8618,5.7964,1010.6,69.236,164.0,60.911
1099.9,532.37,14.125,33.111,3.9292,5.0768,1011.6,69.373,165.18,61.297
1099.8,532.3,14.093,33.153,3.9382,4.4602,1012.1,69.402,165.47,62.569
1100.2,532.64,14.1,32.847,3.9446,3.3875,1012.5,71.793,165.41,61.693
1099.8,533.17,14.042,32.986,3.9234,2.6202,1013.0,74.045,165.13,61.152
1099.0,531.63,14.058,34.154,4.0126,5.2059,1013.1,77.35,163.38,59.654
1099.9,534.58,13.914,35.081,4.0077,8.0734,1012.5,71.913,160.64,61.597
1100.1,535.02,13.852,35.875,4.041,9.8383,1012.2,62.953,160.17,62.719
1099.9,535.18,13.895,35.111,4.0253,10.722,1011.3,56.619,160.16,61.969
1100.0,537.02,13.742,31.899,3.7386,9.3668,1000.9,80.031,160.37,62.326
1100.0,535.27,13.891,32.381,3.802,8.3183,1002.5,74.589,161.84,55.598
1100.0,535.88,13.884,32.084,3.8216,7.5952,1004.2,71.722,161.64,59.662
1099.9,534.2,13.9,32.672,3.885,7.2668,1005.8,70.85,162.74,61.858
1100.0,535.28,13.894,32.32,3.8569,6.885,1007.2,71.489,162.16,63.934
1100.1,534.05,13.957,32.597,3.9194,6.3456,1009.0,70.257,162.87,64.083
1100.2,532.77,14.095,32.851,3.926,5.0385,1010.9,65.612,164.66,64.171
1100.0,531.1,14.15,33.32,3.9861,4.0896,1012.3,64.696,165.91,61.855
1100.0,532.17,14.092,33.055,3.9473,3.6398,1013.1,66.367,165.31,61.714
1100.0,532.47,14.109,33.062,3.9486,3.846,1013.8,68.331,164.95,62.377
1099.9,532.84,14.06,32.735,3.9174,3.8149,1014.7,68.497,164.61,62.798
1100.3,534.42,13.987,32.436,3.8906,3.7127,1015.3,69.62,163.66,62.452
1100.0,533.26,14.029,32.535,3.8913,3.5494,1015.4,71.685,164.36,60.036
1099.3,529.9,14.16,33.361,3.9677,1.1771,1017.8,73.567,166.63,59.381
1100.0,531.25,14.104,33.02,3.9212,1.1938,1017.9,73.935,166.81,58.515
1100.0,528.58,14.292,33.839,4.036,1.5332,1018.2,71.448,168.25,57.394
1100.0,528.21,14.392,34.038,4.0679,2.0877,1018.2,66.053,168.33,58.08
1099.9,530.07,14.231,33.549,4.0076,2.0679,1017.3,67.04,167.19,61.216
1100.0,530.06,14.22,33.594,4.005,1.692,1016.7,70.845,167.6,61.072
1099.9,529.0,14.33,33.863,4.051,1.5802,1016.5,72.922,168.24,60.155
1100.0,528.95,14.312,33.926,4.0722,1.5299,1016.1,75.24,168.37,60.136
1100.1,528.95,14.318,34.021,4.0913,1.8304,1016.0,78.587,168.07,59.68
1099.9,529.79,14.229,34.002,4.0695,1.9135,1016.3,76.958,167.6,59.967
1099.6,528.42,14.302,34.173,4.1093,1.6029,1016.4,80.027,168.12,60.119
1099.9,534.54,13.991,32.383,3.9525,4.2947,1014.9,83.179,162.9,62.075
1099.8,532.73,14.083,32.931,4.0056,4.4902,1015.5,82.34,164.09,58.369
1099.9,534.02,13.955,32.468,3.9616,4.6886,1016.1,81.081,163.16,58.167
